<?xml version="1.0" encoding="UTF-8"?>
<odoo>
    <data noupdate="1">
        <!--        Demo data for company-->
        <record id="company_one" model="res.company">
            <field name="name">My Company</field>
        </record>
        <!--        Demo data for hr employee-->
        <record id="hr_employee_one" model="hr.employee">
            <field name="name">Roshan Andrews</field>
            <field name="job_title">Chief Medical Officer</field>
            <field name="work_location_id" ref="hr.work_location_1"/>
            <field name="work_phone">(376)-3852-7863</field>
            <field name="work_email">joe@example.com</field>
            <field name="image_1920" type="base64"
                   file="oh_hr_lawsuit_management/static/image/images.jpeg"/>
        </record>
        <!--        Demo data for Judge-->
        <record id="partner_judge_one" model="res.partner">
            <field name="name">Jacob Alex</field>
            <field name="is_judge">True</field>
        </record>
        <!--        demo data for res partner-->
        <record id="partner_lawyer_one" model="res.partner">
            <field name="name">Abc company</field>
        </record>
        <!--        demo data for res partner-->
        <record id="partner_lawyer_two" model="res.partner">
            <field name="name">ATG</field>
        </record>
        <!--        demo data for res partner-->
        <record id="lawyer_three" model="res.partner">
            <field name="name">Doriz</field>
        </record>
        <!--        demo data for court. court-->
        <record id="court_court_one" model="court.court">
            <field name="name">Supreme Court of the United States</field>
            <field name="judge_id" ref="partner_judge_one"/>
        </record>
        <!--        demo data for hr law suit-->
        <record id="legal_action_one" model="hr.lawsuit">
            <field name="party1_id" ref="company_one"/>
            <field name="party2">employee</field>
            <field name="employee_id" ref="hr_employee_one"/>
            <field name="court_id" ref="court_court_one"/>
            <field name="judge_id" ref="partner_judge_one"/>
            <field name="lawyer_id" ref="partner_lawyer_one"/>
            <field name="requested_date">2023-11-10</field>
            <field name="hearing_date">2023-11-15</field>
        </record>
    </data>
</odoo>
