<?xml version="1.0" encoding="UTF-8" ?>
<odoo>
    <record id="module_category_legal_case_management"
            model="ir.module.category">
        <field name="name">Case Management</field>
        <field name="description">Legal Case Management</field>
        <field name="sequence">120</field>
    </record>
    <!--    Groups -->
    <record id="legal_case_management_group_clerk" model="res.groups">
        <field name="name">Clerk</field>
        <field name="category_id" ref="module_category_legal_case_management"/>
    </record>
    <record id="legal_case_management_group_lawyer" model="res.groups">
        <field name="name">Lawyer</field>
        <field name="category_id" ref="module_category_legal_case_management"/>
        <field name="implied_ids"
               eval="[(4, ref('legal_case_management.legal_case_management_group_clerk'))]"/>
    </record>
    <record id="legal_case_management_group_admin" model="res.groups">
        <field name="name">Admin</field>
        <field name="category_id" ref="module_category_legal_case_management"/>
        <field name="implied_ids"
               eval="[(4, ref('legal_case_management.legal_case_management_group_lawyer'))]"/>
    </record>
</odoo>
